{
    "metrics/precision(B)": 0.9831876665375474,
    "metrics/recall(B)": 0.9846968573803265,
    "metrics/mAP50(B)": 0.9924491585501092,
    "metrics/mAP50-95(B)": 0.8369433790109628,
    "fitness": 0.8524939569648775
}