{
    "metrics/precision(B)": 0.98397223725754,
    "metrics/recall(B)": 0.9889056552258673,
    "metrics/mAP50(B)": 0.9938685039282089,
    "metrics/mAP50-95(B)": 0.8527136612437476,
    "fitness": 0.8668291455121938,
    "preprocess": 0.9,
    "inference": 428.9,
    "postprocess": 2.8
}