{
    "metrics/precision(B)": 0.983188854575691,
    "metrics/recall(B)": 0.9846968573803265,
    "metrics/mAP50(B)": 0.9924491585501092,
    "metrics/mAP50-95(B)": 0.836908207645568,
    "fitness": 0.8524623027360221,
    "preprocess": 0.9,
    "inference": 81.3,
    "postprocess": 0.9
}