{
    "metrics/precision(B)": 0.9860902889798557,
    "metrics/recall(B)": 0.98821798414089,
    "metrics/mAP50(B)": 0.9931975197916341,
    "metrics/mAP50-95(B)": 0.8473698259175757,
    "fitness": 0.8619525953049816,
    "preprocess": 0.9,
    "inference": 357.7,
    "postprocess": 2.8
}