{
    "metrics/precision(B)": 0.9860663349559486,
    "metrics/recall(B)": 0.9903448316261476,
    "metrics/mAP50(B)": 0.9940739644057174,
    "metrics/mAP50-95(B)": 0.8532891346714887,
    "fitness": 0.8673676176449115,
    "preprocess": 0.9,
    "inference": 667.4,
    "postprocess": 2.8
}