{
    "metrics/precision(B)": 0.9853400016352561,
    "metrics/recall(B)": 0.9927033009381276,
    "metrics/mAP50(B)": 0.994352490968583,
    "metrics/mAP50-95(B)": 0.8464397780899977,
    "fitness": 0.8612310493778562,
    "preprocess": 0.9,
    "inference": 411.7,
    "postprocess": 2.8
}