{
    "metrics/precision(B)": 0.988555178617409,
    "metrics/recall(B)": 0.9887879415240903,
    "metrics/mAP50(B)": 0.9937095095578685,
    "metrics/mAP50-95(B)": 0.8506866970580639,
    "fitness": 0.8649889783080443
}