{
    "metrics/precision(B)": 0.9837424429556061,
    "metrics/recall(B)": 0.98821798414089,
    "metrics/mAP50(B)": 0.9935906884134117,
    "metrics/mAP50-95(B)": 0.8403010244645346,
    "fitness": 0.8556299908594223,
    "preprocess": 0.9,
    "inference": 1057.5,
    "postprocess": 2.8
}