{
    "metrics/precision(B)": 0.9884653480492398,
    "metrics/recall(B)": 0.9893916930610778,
    "metrics/mAP50(B)": 0.9943974430534928,
    "metrics/mAP50-95(B)": 0.8532922073902462,
    "fitness": 0.8674027309565709,
    "preprocess": 0.9,
    "inference": 177.0,
    "postprocess": 2.8
}