{
    "metrics/precision(B)": 0.9830378580453314,
    "metrics/recall(B)": 0.9884654603436116,
    "metrics/mAP50(B)": 0.9933907045179382,
    "metrics/mAP50-95(B)": 0.8369584170221293,
    "fitness": 0.8526016457717102,
    "preprocess": 0.9,
    "inference": 991.5,
    "postprocess": 2.8
}