{
    "metrics/precision(B)": 0.9559519892856094,
    "metrics/recall(B)": 0.9840181803600697,
    "metrics/mAP50(B)": 0.991785012729862,
    "metrics/mAP50-95(B)": 0.8356336850199864,
    "fitness": 0.8512488177909739
}